Name,Rarity,SightRange,DeployTime,ChargeRange,Speed,Hitpoints,HitSpeed,LoadTime,Damage,DamageSpecial,CrownTowerDamagePercent,LoadFirstHit,StopTimeAfterAttack,StopTimeAfterSpecialAttack,Projectile,CustomFirstProjectile,MultipleProjectiles,MultipleTargets,AllTargetsHit,Range,MinimumRange,SpecialMinRange,SpecialRange,SpecialLoadTime,SpecialReadyEffect,AttacksGround,AttacksAir,DeathDamageRadius,DeathDamage,DeathPushBack,AttackPushBack,LifeTime,ProjectileSpecial,ProjectileEffect,ProjectileEffectSpecial,AreaDamageRadius,TargetOnlyBuildings,SpecialAttackInterval,BuffOnDamage,BuffOnDamageTime,StartingBuff,StartingBuffTime,FileName,BlueExportName,BlueTopExportName,RedExportName,RedTopExportName,UseAnimator,AttachedCharacter,AttachedCharacterHeight,DamageEffect,DamageEffectSpecial,DeathEffect,MoveEffect,LoopMoveEffect,SpawnEffect,CrowdEffects,ShadowScaleX,ShadowScaleY,ShadowX,ShadowY,ShadowSkew,ShadowCustom,ShadowCustomLow,Pushback,IgnorePushback,Scale,CollisionRadius,Mass,TileSizeOverride,AreaBuff,AreaBuffTime,AreaBuffRadius,HealthBar,HealthBarOffsetY,ShowHealthNumber,FlyingHeight,FlyDirectPaths,FlyFromGround,DamageExportName,GrowTime,GrowSize,MorphCharacter,MorphEffect,HealOnMorph,AreaEffectOnMorph,MorphTime,MorphKeepTarget,AttackStartEffect,AttackStartEffectSpecial,DashImmuneToDamageTime,DashStartEffect,DashEffect,DashCooldown,JumpHeight,DashPushBack,DashRadius,DashDamage,DashFilter,DashConstantTime,DashLandingTime,LandingEffect,DashMinRange,DashMaxRange,JumpSpeed,ContinuousEffect,SpawnStartTime,SpawnInterval,SpawnNumber,SpawnLimit,SpawnPauseTime,SpawnCharacterLevelIndex,SpawnCharacter,SpawnProjectile,SpawnCharacterEffect,SpawnDeployBaseAnim,SpawnRadius,DeathSpawnCount,DeathSpawnCharacter,DeathSpawnProjectile,DeathSpawnRadius,DeathSpawnMinRadius,SpawnAngleShift,DeathSpawnDeployTime,DeathSpawnPushback,DeathAreaEffect,DeathInheritIgnoreList,Kamikaze,KamikazeTime,KamikazeEffect,SpawnPathfindSpeed,SpawnPathfindEffect,SpawnPathfindMorph,SpawnPushback,SpawnPushbackRadius,SpawnAreaObject,SpawnAreaObjectLevelIndex,ChargeEffect,TakeDamageEffect,ProjectileStartRadius,ProjectileStartZ,StopMovementAfterMS,WaitMS,DontStopMoveAnim,IsSummonerTower,NoDeploySizeW,NoDeploySizeH,TID,VariableDamageLifeTime,VariableDamageTransitionTime,VariableDamage2,VariableDamageTime1,VariableDamage3,VariableDamageTime2,TargettedDamageEffect1,TargettedDamageEffect2,TargettedDamageEffect3,DamageLevelTransitionEffect12,DamageLevelTransitionEffect23,FlameEffect1,FlameEffect2,FlameEffect3,TargetEffectY,SelfAsAoeCenter,HidesWhenNotAttacking,HideTimeMs,HideBeforeFirstHit,SpecialAttackWhenHidden,TargetedHitEffect,TargetedHitEffectSpecial,UpTimeMs,HideEffect,AppearEffect,AppearPushbackRadius,AppearPushback,AppearAreaObject,ManaCollectAmount,ManaGenerateTimeMs,ManaGenerateLimit,HasRotationOnTimeline,TurretMovement,ProjectileYOffset,ChargeSpeedMultiplier,DeployDelay,DeployBaseAnimExportName,JumpEnabled,SightClip,AreaEffectOnDash,SightClipSide,WalkingSpeedTweakPercentage,ShieldHitpoints,ShieldDiePushback,ShieldLostEffect,BlueShieldExportName,RedShieldExportName,LoadAttackEffect1,LoadAttackEffect2,LoadAttackEffect3,LoadAttackEffectReady,RotateAngleSpeed,DeployTimerDelay,RetargetAfterAttack,AttackShakeTime,VisualHitSpeed,Ability,Burst,BurstDelay,BurstKeepTarget,ActivationTime,AttackDashTime,LoopingFilter,BuildingTarget,SpawnConstPriority
string,string,int,int,int,int,int,int,int,int,int,int,boolean,int,int,string,string,int,int,boolean,int,int,int,int,int,string,boolean,boolean,int,int,int,int,int,string,string,string,int,boolean,int,string,int,string,int,string,string,string,string,string,boolean,string,int,string,string,string,string,boolean,string,boolean,int,int,int,int,int,string,string,int,boolean,int,int,int,int,string,int,int,string,int,boolean,int,boolean,boolean,string,int,int,string,string,boolean,string,int,boolean,string,string,int,string,string,int,int,int,int,int,string,int,int,string,int,int,int,string,int,int,int,int,int,int,string,string,string,string,int,int,string,string,int,int,int,int,boolean,string,boolean,boolean,int,string,int,string,string,int,int,string,int,string,string,int,int,int,int,boolean,boolean,int,int,string,boolean,int,int,int,int,int,string,string,string,string,string,string,string,string,int,boolean,boolean,int,boolean,boolean,string,string,int,string,string,int,int,string,int,int,int,boolean,int,int,int,int,string,boolean,int,string,int,int,int,int,string,string,string,string,string,string,string,int,int,boolean,int,int,string,int,int,boolean,int,int,string,boolean,boolean
Knight,Common,3000,500,,60,668,900,700,102,,,,,,,,,,,800,,,,,,TRUE,,,,,,,,,,,,,,,,,sc/chr_knight.sc,Knight,,Knight_enemy,,TRUE,,,knight_hit,,knight_die,knight_steps,,knight_deploy,,85,85,,-10,35,,,,,100,100,6,,,,,Small,35,,,,,filter_damage,,,,,,,,,knight_attack_start,,,,,,,,,,,,,,,,,,,,,,,,,,,,,,,,,,,,,,,,,,,,,,,,,,,450,450,,,,,,,TID_SPELL_KNIGHT,,,,,,,,,,,,,,,,,,,,,,,,,,,,,,,,,,,,,filter_deploy_unit_default,,,,,,,,,,,,,,,,,,,,,,,,,,,,
Archer,Common,5500,1000,,60,120,1200,1100,,,,,,,ArcherArrow,,,,,5000,,,,,,TRUE,TRUE,,,,,,,ArcherAttack,,,,,,,,,sc/chr_archer.sc,archer1,,archer1_enemy,,TRUE,,,,,ArcherDie,ArcherSteps,,ArcherDeploy,,75,75,,-15,25,,,,,120,500,3,,,,,Small,-10,,,,,filter_damage,,,,,,,,,ArcherAttackStart,,,,,,,,,,,,,,,,,,,,,,,,,,,,,,,,,,,,,,,,,,,,,,,,,,,450,450,,,,,,,TID_CHARACTER_ARCHER,,,,,,,,,,,,,,,,,,,,,,,,,,,,,,,,,,,,400,filter_deploy_unit_default,,,,,,,,,,,,,,,,,,,,,,,,,,,,
Goblin,Common,1000,1000,,150,400,800,500,100,,,,,,,,,,,500,,,,,,TRUE,,,,,,,,,,,,,,,,,sc/chr_goblin.sc,goblin1,,goblin1_enemy,,TRUE,,,goblins_hit,,goblins_die,goblins_steps,,goblins_deploy,,50,50,-5,5,35,,,,,90,500,2,,,,,Small,,,,,,filter_damage,,,,,,,,,goblins_attack_start,,,,,,,,,,,,,,,,,,,,,,,,,,,,,,,,,,,,,,,,,,,,,,,,,,,350,350,,,,,,,TID_CHARACTER_GOBLIN,,,,,,,,,,,,,,,,,,,,,,,,,,,,,,,,,,,,400,filter_deploy_unit_default,,,,,,,,,,,,,,,,,,,,,,,,,,,,
Giant,Rare,3000,1000,,45,4200,1800,1500,,,,TRUE,,,ZapMachineProjectile-juren,,,,,2000,,,,,,TRUE,,,,,100,,,,,,,,,,,,sc/chr_giant.sc,giant1,,giant1_enemy,,TRUE,ZapMachine-juren,3100,giant_hit,,giant_die,giant_steps,,giant_deploy,TRUE,85,80,,,25,,,,TRUE,250,750,18,,,,,High,,,,,,filter_damage_wobble,,,,,,,,,giant_attack_start,,,,,,,,,,,,,,,,,,,,,,,,,,,,,,,,,,,,,,,,,,,,,,,,,,,1200,1800,640,100,,,,,TID_SPELL_GIANT,,,,,,,,,,,,,,,,,,,,,,,,,,,,,,,,,,,,,filter_deploy_unit_default,,2000,,2000,,,,,,,,,,,,,,,,,,,,,,,,
Pekka,Epic,5000,1000,,45,2600,1800,1300,510,,,,,,,,,,,750,,,,,,TRUE,,,,,,,,,,,,,,,,,sc/chr_pekka.sc,pekka,,pekka_enemy,,TRUE,,,pekka_hit,,pekka_die,pekka_steps,,pekka_deploy,TRUE,80,80,,,35,,,,TRUE,106,750,18,,,,,Medium,,,,,,filter_damage_wobble,,,,,,,,,pekka_attack_start,,,,,,,,,,,,,,,,,,,,,,,,,,,,,,,,,,,,,,,,,,,,,,,,,,,450,450,,,,,,,TID_SPELL_PEKKA,,,,,,,,,,,,,,,,,,,,,,,,,,,,,,,,,,,,,filter_deploy_unit_default,,,,,20,,,,,,,,,,,,,,,,,,,,,,,
Minion,Common,5500,1000,,90,90,1000,500,,,,,,,MinionSpit,,,,,2000,,,,,,TRUE,TRUE,,,,,,,minion_attack,,,,,,,,,sc/chr_minion.sc,minion1,,minion1_enemy,,TRUE,,,,,minion_die,minion_steps,,minion_deploy,,85,-60,,20,,,,,,85,500,2,,,,,Small,,,1500,,,filter_damage_wobble,,,,,,,,,minion_attack_start,,,,,,,,,,,,,,,,,,,,,,,,,,,,,,,,,,,,,,,,,,,,,,,,,,,450,450,,,,,,,TID_CHARACTER_MINION,,,,,,,,,,,,,,,,,,,,,,,,,,,,,,,,,,,,400,filter_deploy_unit_default,,,,,,,,,,,,,,,,,,,,,,,,,,,,
Balloon,Epic,7700,1000,,60,1050,3000,2800,600,,,,,,,,,,,100,,,,,,TRUE,,,,,,,,,,,TRUE,,,,,,sc/chr_balloon.sc,balloon1,,balloon1_enemy,,TRUE,,,balloon_hit,,balloon_die,balloon_steps,,balloon_deploy,,85,50,,-10,15,,,,TRUE,100,500,6,,,,,Medium,,,3000,,,filter_damage_wobble,,,,,,,,,balloon_attack_start,,,,,,,,,,,,,,,,,,,,,,,,,,,,,,BalloonBomb,,,,,,,,,,,,,,,,,,,,,450,450,,,,,,,TID_SPELL_BALLOON,,,,,,,,,,,,,,,,,,,,,,,,,,,,,,,,,,,,,filter_deploy_unit_default,,,,2000,,,,,,,,,,,,,,,,,,,,,,,,
Witch,Epic,5500,1000,,60,524,700,200,,,,,,,WitchProjectile,,,,,5000,,,,,,TRUE,TRUE,,,,,,,,,,,,,,,,sc/chr_witch.sc,witch1,,witch1_enemy,,TRUE,,,witch_hit,,witch_die,witch_steps,,witch_deploy,,80,80,,,35,,,,,100,500,4,,,,,Medium,,,,,,filter_damage,,,,,,,,,witch_attack_start,,,,,,,,,,,,,,,,,,1000,300,3,,6400,,Skeleton,,witch_deploy_skeleton,,,,,,,,,,,,,,,,,,,,,,,,,450,450,,,,,,,TID_SPELL_WITCH,,,,,,,,,,,,,,,,,,,,,,,,,,,,,,,,,,,,,filter_deploy_unit_default,,,,,,,,,,,,,,,,,,,,,,,,,,,,
Skeleton,Common,5500,1000,,90,32,1000,500,32,,,,,,,,,,,500,,,,,,TRUE,,,,,,,,,,,,,,,,,sc/chr_skeleton.sc,skeleton1,,skeleton1,,TRUE,,,skeleton_hit,,skeleton_die,skeleton_steps,,skeleton_deploy,,50,50,-5,5,35,,,,,130,500,1,,,,,Small,,,,,,filter_damage,,,,,,,,,skeleton_attack_start,,,,,,,,,,,,,,,,,,,,,,,,,,,,,,,,,,,,,,,,,,,,,,,,,,,350,350,,,,,,,TID_CHARACTER_SKELETON,,,,,,,,,,,,,,,,,,,,,,,,,,,,,,,,,,,,400,filter_deploy_unit_default,,,,,,,,,,,,,,,,,,,,,,,,,,,,
Barbarian,Common,5500,1000,,60,300,1500,1000,75,,,,,,,,,,,700,,,,,,TRUE,,,,,,,,,,,,,,,,,sc/chr_barbarian.sc,barbarian1,,barbarian1_enemy,,TRUE,,,barbarian_hit,,barbarian_die,barbarian_steps,,barbarian_deploy,,85,85,,-10,35,,,,,95,500,4,,,,,Medium,,,,,,filter_damage,,,,,,,,,barbarian_attack_start,,,,,,,,,,,,,,,,,,,,,,,,,,,,,,,,,,,,,,,,,,,,,,,,,,,450,450,,,,,,,TID_CHARACTER_BARBARIAN,,,,,,,,,,,,,,,,,,,,,,,,,,,,,,,,,,,,400,filter_deploy_unit_default,,,,,-20,,,,,,,,,,,,,,,,,,,,,,,
Golem,Epic,7000,3000,,45,3600,2000,1500,500,,,,,,,,,,,750,,,,,,TRUE,,2000,600,1500,,,,,,,TRUE,,,,,,sc/chr_golem.sc,golem1,,golem1_red,,TRUE,,,golem_hit,,golem_die,golem_steps,,golem_deploy,TRUE,85,85,,-15,25,,,,TRUE,125,1000,20,,,,,High,,,,,,filter_damage,,,,,,,,,golem_attack_start,,,,,,,,,,,,,,,,,golem_cont_effect,,,,,,,,,,,,2,Golemite,,1500,,,,TRUE,,,,,,,,,,,,,,,450,450,1000,200,TRUE,,,,TID_SPELL_GOLEM,,,,,,,,,,,,,,,,,,,,,,,,,,,,,,,,,,,,,filter_deploy_unit_default,,2000,,2000,15,,,,,,,,,,,,,,,,,,,,,,,
Golemite,Epic,7000,1000,,45,1000,1500,1500,100,,,,,,,,,,,250,,,,,,TRUE,,1500,300,1000,,,,,,,TRUE,,,,,,sc/chr_golemite.sc,golemite,,golemite_red,,TRUE,,,small_golem_hit,,small_golem_die,golem_steps,,small_golem_deploy,,50,50,-5,5,35,,,,,110,600,10,,,,,Medium,,,,,,filter_damage,,,,,,,,,small_golem_attack_start,,,,,,,,,,,,,,,,,,,,,,,,,,,,,2,Golemite-x,,1000,,,,,,,,,,,,,,,,,,,350,350,,,,,,,TID_CHARACTER_SMALL_GOLEM,,,,,,,,,,,,,,,,,,,,,,,,,,,,,,,,,,,,,filter_deploy_unit_default,,2000,,2000,,,,,,,,,,,,,,,,,,,,,,,,
Valkyrie,Rare,5500,1000,,60,880,1500,1300,120,,,,,,,,,,,1000,,,,,,TRUE,,,,,,,,,,2000,,,,,,,sc/chr_valkyrie.sc,valkyrie1,,valkyrie1_enemy,,TRUE,,,valkyrie_hit,,valkyrie_die,valkyrie_steps,,valkyrie_deploy,,85,80,,,25,,,,,140,500,5,,,,,Medium,,,,,,filter_damage,,,,,,,,,valkyrie_attack_start,,,,,,,,,,,,,,,,,,,,,,,,,,,,,,,,,,,,,,,,,,,,,,,,,,,450,450,,,,,,,TID_CHARACTER_VALKYRIE,,,,,,,,,,,,,,,,TRUE,,,,,,,,,,,,,,,,,,,,,filter_deploy_unit_default,,,,,,,,,,,,,,,,,,,,,,,,,,,,
Bomber,Common,5500,1000,,60,147,1900,1700,,,,,,,BombSkeletonProjectile,,,,,4500,,,,,,TRUE,,,,,,,,bomber_attack,,,,,,,,,sc/chr_bomber.sc,chr_bomber,,chr_bomber_RED,,TRUE,,,,,bomber_die,bomber_steps,,bomber_deploy,,50,50,-5,5,35,,,,,100,500,4,,,,,Small,,,,,,filter_damage,,,,,,,,,bomber_attack_start,,,,,,,,,,,,,,,,,,,,,,,,,,,,,,,,,,,,,,,,,,,,,,,,,,,350,350,,,,,,,TID_CHARACTER_BOMBER,,,,,,,,,,,,,,,,,,,,,,,,,,,,,,,,,,,,,filter_deploy_unit_default,,,,,-10,,,,,,,,,,,,,,,,,,,,,,,
Musketeer,Rare,6000,1000,,60,340,1100,600,,,,,,,MusketeerProjectile,,,,,6000,,,,,,TRUE,TRUE,,,,,,,musketeer_attack,,,,,,,,,sc/chr_musketeer.sc,chr_musketeer_blue,,chr_musketeer,,TRUE,,,musketeer_hit,,musketeer_die,musketeer_steps,,musketeer_deploy,,80,80,,-10,35,,,,,100,500,5,,,,,Medium,,,,,,filter_damage,,,,,,,,,musketeer_attack_start,,,,,,,,,,,,,,,,,,,,,,,,,,,,800,,,,,,,,,,,,,,,,,,,,,,,450,450,,,,,,,TID_CHARACTER_MUSKETEER,,,,,,,,,,,,,,,,,,,,,,,,,,,,,,,,,,,,300,filter_deploy_unit_default,,,,,,,,,,,,,,,,,,,,,,,,,,,,
BabyDragon,Epic,5500,1000,,90,800,1600,1300,,,,,,,BabyDragonProjectile,,,,,3500,,,,,,TRUE,TRUE,,,,,,,dragon_attack_start,,,,,,,,,sc/chr_baby_dragon.sc,baby_dragon,,baby_dragon_enemy,,TRUE,,,,,baby_dragon_die,baby_dragon_steps,,baby_dragon_deploy,,85,-60,,20,,,,,TRUE,100,500,5,,,,,High,,,3500,,,filter_damage_wobble,,,,,,,,,baby_dragon_attack_start,,,,,,,,,,,,,,,,,,,,,,,,,,,,,,,,,,,,,,,,,,,,,,,,,,,500,1900,,,,,,,TID_SPELL_BABY_DRAGON,,,,,,,,,,,,,,,,,,,,,,,,,,,,,,,,,,,,,filter_deploy_unit_default,,,,,,,,,,,,,,,,,,,,,,,,,,,,
MiniPekka,Rare,5500,1000,,90,600,1800,1300,325,,,,,,,,,,,1050,,,,,,TRUE,,,,,,,,,,,,,,,,,sc/chr_mini_pekka.sc,minipekka,,minipekka_red,,TRUE,,,mini_pekka_hit,,mini_pekka_die,mini_pekka_steps,,mini_pekka_deploy,,80,80,,,35,,,,,100,450,4,,,,,Medium,,,,,,filter_damage,,,,,,,,,mini_pekka_attack_start,,,,,,,,,,,,,,,,,,,,,,,,,,,,,,,,,,,,,,,,,,,,,,,,,,,450,450,,,,,,,TID_SPELL_MINIPEKKA,,,,,,,,,,,,,,,,,,,,,,,,,,,,,,,,,,,,,filter_deploy_unit_default,,,,,,,,,,,,,,,,,,,,,,,,,,,,
Wizard,Rare,5500,1000,,60,340,1400,1000,,,,,,,chr_wizardProjectile,,,,,5500,,,,,,TRUE,TRUE,,,,,,,,,,,,,,,,sc/chr_wizard.sc,wizard1,,wizard1_red,,TRUE,,,chr_wizard_hit,,chr_wizard_die,chr_wizard_steps,,chr_wizard_deploy,,80,80,,,35,,,,,87,500,5,,,,,Medium,-18,,,,,filter_damage,,,,,,,,,chr_wizard_attack_start,,,,,,,,,,,,,,,,,,,,,,,,,,,,,,,,,,,,,,,,,,,,,,,,,,,550,1500,,,,,,,TID_SPELL_WIZARD,,,,,,,,,,,,,,,,,,,,,,,,,,,,,,,,,,,,,filter_deploy_unit_default,,,,,-10,,,,,,,,,,,,,,,,,,,,,,,
Prince,Epic,5500,1000,250,60,1100,1500,1000,245,490,,,,,,,,,,1850,,,,,,TRUE,,,,,,,,,,,,,,,,,sc/chr_prince.sc,Prince,,Prince_red,,TRUE,,,prince_hit,prince_charge_hit,prince_die,prince_steps,,prince_deploy,,80,80,,,35,,,,TRUE,92,650,6,,,,,Medium,,,,,,filter_damage_wobble,,,,,,,,,prince_attack_start,,,,,,,,,,,,,,,,,,,,,,,,,,,,,,,,,,,,,,,,,,,,,,,,,prince_charge,,,,,,,,,,TID_SPELL_PRINCE,,,,,,,,,,,,,,,,,,,,,,,,,,,,,,,,,,,200,,filter_deploy_unit_default,,,,,,,,,,,,,,,,,,,,,,,,,,,,
SpearGoblin,Common,5500,1000,,120,52,1300,1100,,,,,,,SpearGoblinProjectile,,,,,5000,,,,,,TRUE,TRUE,,,,,,,spear_goblin_attack,,,,,,,,,sc/chr_goblin_archer.sc,goblinArcher_blue,,goblinArcher,,TRUE,,,,,spear_goblin_die,spear_goblin_steps,,spear_goblin_deploy,,75,75,,-15,25,,,,,133,500,1,,,,,Small,-10,,,,,filter_damage,,,,,,,,,spear_goblin_attack_start,,,,,,,,,,,,,,,,,,,,,,,,,,,,,,,,,,,,,,,,,,,,,,,,,,,,600,,,,,,,TID_CHARACTER_SPEAR_GOBLIN,,,,,,,,,,,,,,,,,,,,,,,,,,,,,,,,,,,,400,filter_deploy_unit_default,,,,,,,,,,,,,,,,,,,,,,,,,,,,
GiantSkeleton,Epic,5000,1000,,60,2000,1500,1000,130,,,,,,,,,,,800,,,,,,TRUE,,,,,,,,,,,,,,,,,sc/chr_giant_skeleton.sc,giant_skeleton,,giant_skeleton_enemy,,TRUE,,,giant_skeleton_hit,,giant_skeleton_die,giant_skeleton_steps,,giant_skeleton_deploy,TRUE,50,50,-5,5,35,,,,TRUE,105,1000,15,,,,,High,,,,,,filter_damage_wobble,,,,,,,,,giant_skeleton_attack_start,,,,,,,,,,,,,,,,,,,,,,,,,,,,,1,GiantSkeletonBomb,,1000,,,,,,,,,,,,,,,,,,,450,450,,,,,,,TID_SPELL_GIANT_SKELETON,,,,,,,,,,,,,,,,,,,,,,,,,,,,,,,,,,,,,filter_deploy_unit_default,,,,,-12,,,,,,,,,,,,,,,,,,,,,,,
HogRider,Rare,9500,1000,,120,800,1500,1000,150,,,,,,,,,,,800,,,,,,TRUE,,,,,,,,,,,TRUE,,,,,,sc/chr_hog_rider.sc,hog_rider,,hog_rider_red,,TRUE,,,hog_rider_hit,,hog_rider_die,hog_rider_steps,,hog_rider_deploy,,85,85,,-10,35,,,,,95,600,4,,,,,Medium,-15,,,,,filter_damage,,,,,,,,,hog_rider_attack_start,,,,,,4000,,,,,,,hog_rider_landing,,,160,,,,,,,,,,,,,,,,,,,,,,,,,,,,,,,,,,,450,450,,,,,,,TID_CHARACTER_HOG_RIDER,,,,,,,,,,,,,,,,,,,,,,,,,,,,,,,,,,,,400,filter_deploy_unit_default,TRUE,4000,,4000,,,,,,,,,,,,,,,,,,,,,,,,
TowerPrincess,Common,5500,1000,,60,500,1200,1000,,,,,,,TowerPrincessProjectile,,,,,5000,,,,,,TRUE,TRUE,,,,,,,ArcherAttack,,,,,,,,,sc/chr_princess.sc,princess_tower,,princess_tower_red,,TRUE,,,,,ArcherDie,ArcherSteps,,ArcherDeploy,,75,75,,-15,25,,,,,90,500,3,,,,,Small,-10,,,,,filter_damage,,,,,,,,,ArcherAttackStart,,,,,,,,,,,,,,,,,,,,,,,,,,,,,,,,,,,,,,,,,,,,,,,,,,,450,450,,,,,,,TID_CHARACTER_ARCHER,,,,,,,,,,,,,,,,,,,,,,,,,,,,,,,,,,,,400,filter_deploy_unit_default,,,,,,,,,,,,,,,,,,,,,,,,,,,,
IceWizard,Legendary,5500,1000,,60,665,1500,1000,,,,,,,ice_wizardProjectile,,,,,5500,,,,,,TRUE,TRUE,,,,,,,,,,,,,,,,sc/chr_ice_wizard.sc,ice_wizard,,ice_wizard_red,,TRUE,,,,,ice_wizard_die,ice_wizard_steps,,ice_wizard_deploy,,80,80,,,35,,,,,100,500,5,,,,,Medium,-8,,,,,filter_damage,,,,,,,,,ice_wizard_attack_start,,,,,,,,,,,,,,,,,,,,,,,,,,,,,,,,,,,,,,,,,,,,,,,,,,,550,1500,,,,,,,TID_CHARACTER_ICE_WIZARD,,,,,,,,,,,,,,,,,,,,,,,,,,,,,,,,,,,,,filter_deploy_unit_legendary,,,,,-26,,,,,,,,,,,,,,,,,,,,,,,
RoyalGiant,Common,7500,2000,,45,1200,1700,1000,,,,,,,RoyalGiantProjectile,,,,,6500,,,,,,TRUE,,,,,,,,royal_giant_projectile_fx,,,TRUE,,,,,,sc/chr_royal_giant.sc,royalGiant,,royalGiant_red,,TRUE,,,,,royal_giant_die,royal_giant_steps,,royal_giant_deploy,TRUE,85,80,,,25,,,,TRUE,100,750,18,,,,,High,,,,,,filter_damage_wobble,,,,,,,,,royal_giant_attack_start,,,,,,,,,,,,,,,,,,,,,,,,,,,,,,,,,,,,,,,,,,,,,,,,,,,1200,2900,640,100,,,,,TID_SPELL_ROYAL_GIANT,,,,,,,,,,,,,,,,,,,,,,,,,,,,,,,,,,,,,filter_deploy_unit_default,,2000,,2000,,,,,,,,,,,,,,,,,,,,,,,,
Princess,Legendary,9500,1000,,60,216,3000,2500,,,,,,,PrincessProjectileDeco,PrincessProjectile,5,,,9000,,,,,,TRUE,TRUE,,,,,,,princess_attack,,2500,,,,,,,sc/chr_princess-y.sc,princess,,princess_red,,TRUE,,,,,princess_die,princess_steps,,princess_deploy,,75,75,,-15,25,,,,,110,500,3,,,,,Small,-10,,,,,filter_damage,,,,,,,,,princess_attack_start,,,,,,,,,,,,,,,,,,,,,,,,,,,,,,,,,,,,,,,,,,,,,,,,,,,450,450,,,,,,,TID_CHARACTER_PRINCESS,,,,,,,,,,,,,,,,,,,,,,,,,,,,,,,,,,,,400,filter_deploy_unit_legendary,,,,,,,,,,,,,,,,,,,,,,,,,,,,
DarkPrince,Epic,5500,1000,250,60,735,1500,1000,145,290,,,,,,,,,,1050,,,,,,TRUE,,,,,,,,,,1000,,,,,,,sc/chr_black_knight.sc,BlackKnight_blue,,BlackKnight_red,,TRUE,,,dark_prince_hit,dark_prince_charge_hit,dark_prince_die,dark_prince_steps,,dark_prince_deploy,,85,85,,-10,35,,,,TRUE,92,750,6,,,,,Shield,-8,,,,,filter_damage,,,,,,,,,dark_prince_attack_start,,,,,,,,,,,,,,,,,,,,,,,,,,,,,,,,,,,,,,,,,,,,,,,,,dark_prince_charge,,450,450,,,,,,,TID_CHARACTER_DARK_PRINCE,,,,,,,,,,,,,,,,,,,,,,,,,,,,,,,,,,,200,,filter_deploy_unit_default,,,,,,200,,GuardShieldDown,BlackKnight_shield_blue,BlackKnight_shield_red,,,,,,,,,,,,,,,,,,
SkeletonWarrior,Epic,5500,1000,,90,65,1200,800,65,,,,,,,,,,,1600,,,,,,TRUE,,,,,,,,,,,,,,,,,sc/chr_skeleton_warrior.sc,skeletonWarrior_blue,,skeletonWarrior,,TRUE,,,skeleton_warrior_hit,,skeleton_warrior_die,skeleton_warrior_steps,,skeleton_warrior_deploy,,50,50,-5,5,35,,,,,95,500,1,,,,,Shield_small,-10,,,,,filter_damage,,,,,,,,,skeleton_warrior_attack_start,,,,,,,,,,,,,,,,,,,,,,,,,,,,800,,,,,,,,,,,,,,,,,,,,,,,350,350,,,,,,,TID_CHARACTER_SKELETON_WARRIOR,,,,,,,,,,,,,,,,,,,,,,,,,,,,,,,,,,,,400,filter_deploy_unit_default,,,,,,150,,skeleton_warrior_lose_shield,skeletonWarrior_blue_shield,skeletonWarrior_shield,,,,,,,,,,,,,,,,,,
LavaHound,Legendary,5500,1000,,45,3000,1300,300,,,,,,,LavaHoundProjectile,,,,,2000,,,,,,TRUE,TRUE,,,,,,,lava_hound_attack_start,,,TRUE,,,,,,sc/chr_lava_hound.sc,lava_hound,,lava_hound_red,,TRUE,,,,,lava_hound_die,lava_hound_steps,,lava_hound_deploy,TRUE,85,-60,,20,,,,,TRUE,100,750,5,,,,,High,,,4000,,,filter_damage_wobble,,,,,,,,,,,,,,,,,,,,,,,,,,,,,,,,,,,,,,6,LavaPups,,2500,,,,TRUE,,,,,,,,,,,,,,,1000,1800,,,,,,,TID_SPELL_LAVA_HOUND,,,,,,,,,,,,,,,,,,,,,,,,,,,,,,,,,,,,,filter_deploy_unit_legendary,,,,,,,,,,,,,,,,,,,,,,,,,,,,
LavaPups,Legendary,5500,1000,,60,179,1000,200,,,,,,,LavaPupProjectile,,,,,2000,,,,,,TRUE,TRUE,,,,,,,lava_pups_attack_start,,,,,,,,,sc/chr_lava_pups.sc,lava_pups,,lava_pups,,TRUE,,,,,lava_pups_die,lava_pups_steps,,lava_pups_deploy,,85,-60,,20,,,,,,80,450,5,,,,,Small,,,3500,,,filter_damage_wobble,,,,,,,,,,,,,,,,,,,,,,,,,,,,,,,,,,,,,,,,,,,,,,,,,,,,,,,,,,,,500,100,,,,,,,TID_CHARACTER_LAVA_PUPS,,,,,,,,,,,,,,,,,,,,,,,,,,,,,,,,,,,,,filter_deploy_unit_default,,,,,,,,,,,,,,,,,,,,,,,,,,,,
RageBarbarian,Legendary,5500,1000,,120,990,700,300,200,,,,,,,,,,,700,,,,,,TRUE,,,,,,,,,,,,,,,,,sc/chr_rage_barbarian.sc,rage_barbarian,,rage_barbarian_red,,TRUE,,,ragebarbarian_hit,,barbarian_die,ragebarbarian_steps,,ragebarbarian_deploy,,85,85,,-10,35,,,,,100,500,4,,,,,Medium,,,,,,filter_damage,,,,,,,,,ragebarbarian_attack_start,,,,,,,,,,,,,,,,,,,,,,,,,,,,,,RageBarbarianBottle,,,,,,,,,,,,,,,,,,,,,450,450,,,,,,,TID_CHARACTER_RAGE_BARBARIAN,,,,,,,,,,,,,,,,,,,,,,,,,,,,,,,,,,,,400,,,,,,-20,,,,,,,,,,,,,,,,,,,,,,,
IceSpirits,Common,5500,1000,,120,90,300,100,,,,,,,IceSpiritsProjectile,,,,,2500,,,,,,TRUE,TRUE,,,,,,,icespirit_attack,,,,,,,,,sc/chr_ice_spirits.sc,icespirit,,icespirit,,TRUE,,,,,icespirit_die,icespirit_steps,,icespirit_deploy,,75,75,,-15,25,,,,,100,400,1,,,,,Small,-10,,,,,filter_damage,,,,,,,,,,,,,,,,,,,,,,,,,,icespirit_continuous_fx,,,,,,,,,,,650,,,,,,,,,,,TRUE,,,,,,,,,,,,,,,,,,,,TID_CHARACTER_ICE_SPIRITS,,,,,,,,,,,,,,,,,,,,,,,,,,,,,,,,,,,,400,filter_deploy_unit_default,,,,,,,,,,,,,,,,,,,,,,,,,,,,
FireSpirits,Common,5500,1000,,100,50,300,100,,,,,,,FireSpiritsProjectile,,,,,1500,,,,,,TRUE,TRUE,,,,,,,firespirit_attack,,,,,,,,,sc/chr_fire_firespirit.sc,firespirit,,firespirit,,TRUE,,,,,firespirit_die,firespirit_steps,,firespirit_deploy,,75,75,,-15,25,,,,,120,400,1,,,,,Small,-10,,,,,filter_damage,,,,,,,,,,,,,,,,,,,,,,,,,,firespirit_continuous_fx,,,,,,,,,,,650,,,,,,,,,,,TRUE,,,,,,,,,,,,,,,,,,,,TID_CHARACTER_FIRE_SPIRITS,,,,,,,,,,,,,,,,,,,,,,,,,,,,,,,,,,,,400,filter_deploy_unit_default,,,,,,,,,,,,,,,,,,,,,,,,,,,,
Miner,Legendary,5500,1000,,90,1000,1200,700,160,,-60,,,,,,,,,1300,,,,,,TRUE,,,,,,,,,,,,,,,,,sc/chr_miner.sc,miner_blue,,miner_red,,TRUE,,,miner_hit,,miner_die,miner_steps,,miner_deploy,,85,85,,-10,35,,,,,100,500,6,,,,,Medium,-10,,,,,filter_damage,,,,,,,,,miner_attack_start,,,,,,,,,,,,,,,,,,,,,,,,,,,,,,,,,,,,,,,,,,650,miner_travel_effect,,,,,,,,450,450,,,,,,,TID_CHARACTER_MINER,,,,,,,,,,,,,,,,,,,,,,,,,,,,,,,,,,,,,filter_deploy_unit_miner,,,,,20,,,,,,,,,,,,,,,,,,,,,,,
ZapMachine,Legendary,5000,1000,,45,1200,5000,4500,,,,TRUE,,,ZapMachineProjectile,,,,,4500,,,,,,TRUE,,,,,750,,,zapmachine_attack,zapmachine_attack,,,,,,,,sc/chr_zap_machine.sc,ZapMachine_Blue,,ZapMachine,,TRUE,,,,,zapmachine_die,zapmachine_steps,,zapmachine_deploy,TRUE,100,-90,-8,15,-15,,,,TRUE,85,1000,18,,,,,Medium,-10,,,,,,,,,,,,,,,,,,,,,,,,,,,,,,,,,,,,,,,,,,,,,,,,,,,,,,,,,,,,,,,,,1200,1800,,,,,,,TID_CHARACTER_ZAPMACHINE,,,,,,,,,,,,,,,,,,,,,,,,,,,,,,,,,,,,,filter_deploy_unit_legendary,,,,,,,,,,,zapmachine_load_weapon_1,zapmachine_load_weapon_2,zapmachine_load_weapon_3,zapmachine_load_weapon,600,,,,,,,,,,,,,
Bowler,Epic,5500,1000,,45,1200,2500,2000,,,,,,,BowlerProjectile,,,,,5000,,,,,,TRUE,,,,,,,,,,,,,,,,,sc/chr_bowler.sc,bowler_blue,,bowler_red,,TRUE,,,,,bowler_die,bowler_steps,,bowler_deploy,,85,80,,,25,,,,TRUE,118,750,18,,,,,High,,,,,,filter_damage_wobble,,,,,,,,,bowler_attack_start,,,,,,,,,,,,,,,,,,,,,,,,,,,,,,,,,,,,,,,,,,,,,,,,,,,1000,1000,,,,,,,TID_SPELL_BOWLER,,,,,,,,,,,,,,,,,,,,,,,,,,,,,,,,,,,,,filter_deploy_unit_default,,,,,,,,,,,,,,,,,,,,,,,,,,,,
IceGolemite,Rare,7000,1000,,45,595,2500,1500,40,,,,,,,,,,,750,,,,,,TRUE,TRUE,2000,40,,,,,,,,TRUE,,,,,,sc/chr_snowman.sc,snowman_blue,,snowman_red,,TRUE,,,snowman_hit,,snowman_die,snowman_steps,,snowman_deploy,,50,50,-5,5,35,,,,,100,700,6,,,,,Medium,,,,,,filter_damage,,,,,,,,,snowman_attack_start,,,,,,,,,,,,,,,,,,,,,,,,,,,,1000,,,,,,,,,FreezeIceGolemite,,,,,,,,,,,,,,350,350,470,80,TRUE,,,,TID_CHARACTER_SMALL_GOLEM,,,,,,,,,,,,,,,,,,,,,,,,,,,,,,,,,,,,,filter_deploy_unit_default,,2000,,2000,,,,,,,,,,,,,,,,,,,,,,,,
MegaMinion,Rare,5500,1000,,60,395,1500,1100,,,,,,,MegaMinionSpit,,,,,2000,,,,,,TRUE,TRUE,,,,,,,royal_minion_attack,,,,,,,,,sc/chr_mega_minion.sc,mega_minion,,mega_minion_red,,TRUE,,,,,royal_minion_die,royal_minion_steps,,royal_minion_deploy,,80,80,,,35,,,,,110,600,6,,,,,Medium,,,1500,,,filter_damage,,,,,,,,,royal_minion_attack_start,,,,,,,,,,,,,,,,,,,,,,,,,,,,,,,,,,,,,,,,,,,,,,,,,,,450,450,,,,,,,TID_CHARACTER_MEGAMINION,,,,,,,,,,,,,,,,,,,,,,,,,,,,,,,,,,,,,filter_deploy_unit_default,,,,,,,,,,,,,,,,,,,,,,,,,,,,
InfernoDragon,Legendary,5500,1000,,60,1070,400,1000,30,,,,,,,,,,,4000,,,,,,TRUE,TRUE,,,,,,,inferno_dragon_attack,,,,,,,,,sc/chr_baby_dragon.sc,inferno_dragon,,inferno_dragon_red,,TRUE,,,inferno_hit_effect,,inferno_dragon_die,inferno_dragon_steps,,inferno_dragon_deploy,TRUE,85,-60,,20,,,,,TRUE,115,500,5,,,,,Medium,-12,,4000,,,,,,,,,,,,inferno_dragon_attack_start,,,,,,,,,,,,,,,,,,,,,,,,,,,,,,,,,,,,,,,,,,,,,,,,,,,450,450,,,,,,,TID_CHARACTER_INFERNO_DRAGON,,,100,2000,350,2000,inferno_dragon_beam_lvl1,inferno_dragon_beam_lvl2,inferno_dragon_beam_lvl3,,,inferno_dragon_muzzle,inferno_dragon_muzzle_stage2,inferno_dragon_muzzle_stage3,-20,,,,,,,,,,,,,,,,,,,,,,filter_deploy_unit_legendary,,,,,,,,,,,,,,,,,,,1200,,,,,,,,,
BattleRam,Rare,4500,1000,300,60,430,400,50,140,280,,,,,,,,,,500,,,,,,TRUE,,,,,,,,,,,TRUE,,,,,,sc/chr_battle_ram.sc,battle_ram,,battle_ram_red,,TRUE,,,battle_ram_hit_sfx,,battle_ram_die,barbarian_steps,,battleram_deploy_nodelay,,80,80,,,35,,,,TRUE,92,750,6,,,,,Medium,,,,,,filter_damage_wobble,,,,,,,,,blowdart_goblin_atk_start,,,,,,,,,,,,,,,,,,,,,,,,,,,filter_deploy_unit_miner,,2,Barbarian,,600,,180,800,,,,TRUE,,,,,,,,,,battleram_charge,,,,,,,,,,TID_SPELL_BATTLE_RAM,,,,,,,,,,,,,,,,,,,,,battle_ram_hit,,,,,,,,,,,,,,200,,filter_deploy_unit_default,,,,,,,,,,,,,,,,,,500,,,,,,,,,,
BlowdartGoblin,Rare,7500,1000,,120,123,650,350,,,,,,,BlowdartGoblinProjectile,,,,,6500,,,,,,TRUE,TRUE,,,,,,,blowdart_goblin_attack,,,,,,,,,sc/chr_goblin_blowdart.sc,goblin_blowdart,,goblin_blowdart_red,,TRUE,,,,,spear_goblin_die,blowdart_goblin_steps,,blowdart_goblin_deploy,,75,75,,-15,25,,,,,100,500,3,,,,,Small,-10,,,,,filter_damage,,,,,,,,,blowdart_goblin_atk_start,,,,,,,,,,,,,,,,,,,,,,,,,,,,,,,,,,,,,,,,,,,,,,,,,,,1200,1600,,,,,,,TID_CHARACTER_BLOWDART_GOBLIN,,,,,,,,,,,,,,,,,,,,,,,,,,,,,,,,,,,,400,filter_deploy_unit_default,,,,,,,,,,,,,,,,,,,,,,,,,,,,
ElectroWizard,Legendary,5500,1000,,90,600,1800,1400,100,,,,,,,,,2,TRUE,5000,,,,,,TRUE,TRUE,,,,,,,,,,,,ZapFreeze,500,,,sc/chr_electro_wizard.sc,electro_wizard,,electro_wizard_red,,TRUE,,,electro_wizard_hit,,electro_wizard_die,electro_wizard_steps,,electro_wizard_deploy,TRUE,80,80,,,35,,,,,102,500,5,,,,,Medium,-8,,,,,filter_damage,,,,,,,,,electro_wizard_attack_start,,,,,,,,,,,,,,,,,,,,,,,,,,,,,,,,,,,,,,,,,,,,,,,Zap,8,,,550,1500,,,,,,,TID_CHARACTER_ELECTRO_WIZARD,,,,,,,,,,,,,,,,,,,,,electro_wizard_beam,,,,,,,,,,,,,,,,filter_deploy_unit_legendary,,,,,-26,,,,,,,,,,,,,,,,,,,,,,,
AngryBarbarian,Common,5500,1000,,120,458,1500,1000,120,,,,,,,,,,,1000,,,,,,TRUE,,,,,,,,,,,,,,,,,sc/chr_barbarian.sc,angry_barbarian,,angry_barbarian_red,,TRUE,,,barbarian_hit,,barbarian_die,angry_barbarian_steps,,angry_barbarian_deploy,,85,85,,-10,35,,,,,100,500,4,,,,,Medium,,,,,,filter_damage,,,,,,,,,angry_barbarian_attack_start,,,,,,,,,,,,,,,,,,,,,,,,,,,,,,,,,,,,,,,,,,,,,,,,,,,450,450,,,,,,,TID_CHARACTER_ANGRY_BARBARIAN,,,,,,,,,,,,,,,,,,,,,,,,,,,,,,,,,,,,400,filter_deploy_unit_default,,,,,-20,,,,,,,,,,,,,,,,,,,,,,,
AxeMan,Epic,5500,1000,,60,760,900,400,,,,,,,AxeManProjectile,,,,,4500,,,,,,TRUE,TRUE,,,,,,,,,,,,,,,,sc/chr_axe_man.sc,axe_man,,axe_man_red,,TRUE,,,ragebarbarian_hit,,barbarian_die,executioner_steps,,executioner_deploy,,85,85,,-10,-4,,,,,110,600,4,,,,,Medium,,,,,,filter_damage,,,,,,,,,,,,,,,,,,,,,,,,,,,,,,,,,,,,,,,,,,,,,,,,,,,,,,,,,,,,600,600,,,,,,,TID_SPELL_AXEMAN,,,,,,,,,,,,,,,,,,,,,executioner_attack_start,,,,,,,,,,,,,,,400,filter_deploy_unit_default,,,,,,,,,,,,,,,,,,,,,,,,,,,,
Assassin,Legendary,6000,1000,,90,750,1000,600,160,,,,,,,,,,,750,,,,,,TRUE,,,,,,,,,,,,,,,,,sc/chr_bandit.sc,bandit,,bandit_red,,TRUE,,,assassin_hit,assassin_hit_special_red,assassin_die,assassin_steps,,assassin_deploy,,85,85,,-10,35,,,,,110,600,3,,,,,Medium,-10,,,,,filter_damage,,,,,,,,,assassin_attack_start,,100,assassin_dash_start,assassin_dashing,800,,,,320,filter_bandit_charge,,,assassin_dash_end,4000,6000,500,,,,,,,,,,,,,,,,,,,,,,,,,,,,,,,,,,,,,,,,,,,TID_SPELL_ASSASSIN,,,,,,,,,,,,,,,,,,,,,,,,,,,,,,,,,,,,,filter_deploy_unit_legendary,,,,,,,,,,,,,,,,,,,,,,,,,,,,
NOTINUSE1,Legendary,6000,1000,,90,750,1000,600,160,,,,,,,,,,,750,,,,,,TRUE,,,,,,,,,,,,,,,,,sc/chr_bandit.sc,bandit,,bandit_red,,TRUE,,,assassin_hit,assassin_hit_special_red,assassin_die,assassin_steps,,assassin_deploy,,85,85,,-10,35,,,,,110,600,3,,,,,Medium,-10,,,,,filter_damage,,,,,,,,,assassin_attack_start,,100,assassin_dash_start,assassin_dashing,800,,,,320,filter_bandit_charge,,,assassin_dash_end,4000,6000,500,,,,,,,,,,,,,,,,,,,,,,,,,,,,,,,,,,,,,,,,,,,TID_SPELL_ASSASSIN,,,,,,,,,,,,,,,,,,,,,,,,,,,,,,,,,,,,,filter_deploy_unit_legendary,,,,,,,,,,,,,,,,,,,,,,,,,,,,
NOTINUSE2,Legendary,6000,1000,,90,750,1000,600,160,,,,,,,,,,,750,,,,,,TRUE,,,,,,,,,,,,,,,,,sc/chr_bandit.sc,bandit,,bandit_red,,TRUE,,,assassin_hit,assassin_hit_special_red,assassin_die,assassin_steps,,assassin_deploy,,85,85,,-10,35,,,,,110,600,3,,,,,Medium,-10,,,,,filter_damage,,,,,,,,,assassin_attack_start,,100,assassin_dash_start,assassin_dashing,800,,,,320,filter_bandit_charge,,,assassin_dash_end,4000,6000,500,,,,,,,,,,,,,,,,,,,,,,,,,,,,,,,,,,,,,,,,,,,TID_SPELL_ASSASSIN,,,,,,,,,,,,,,,,,,,,,,,,,,,,,,,,,,,,,filter_deploy_unit_legendary,,,,,,,,,,,,,,,,,,,,,,,,,,,,
NOTINUSE3,Legendary,6000,1000,,90,750,1000,600,160,,,,,,,,,,,750,,,,,,TRUE,,,,,,,,,,,,,,,,,sc/chr_bandit.sc,bandit,,bandit_red,,TRUE,,,assassin_hit,assassin_hit_special_red,assassin_die,assassin_steps,,assassin_deploy,,85,85,,-10,35,,,,,110,600,3,,,,,Medium,-10,,,,,filter_damage,,,,,,,,,assassin_attack_start,,100,assassin_dash_start,assassin_dashing,800,,,,320,filter_bandit_charge,,,assassin_dash_end,4000,6000,500,,,,,,,,,,,,,,,,,,,,,,,,,,,,,,,,,,,,,,,,,,,TID_SPELL_ASSASSIN,,,,,,,,,,,,,,,,,,,,,,,,,,,,,,,,,,,,,filter_deploy_unit_legendary,,,,,,,,,,,,,,,,,,,,,,,,,,,,
NOTINUSE4,Legendary,6000,1000,,90,750,1000,600,160,,,,,,,,,,,750,,,,,,TRUE,,,,,,,,,,,,,,,,,sc/chr_bandit.sc,bandit,,bandit_red,,TRUE,,,assassin_hit,assassin_hit_special_red,assassin_die,assassin_steps,,assassin_deploy,,85,85,,-10,35,,,,,110,600,3,,,,,Medium,-10,,,,,filter_damage,,,,,,,,,assassin_attack_start,,100,assassin_dash_start,assassin_dashing,800,,,,320,filter_bandit_charge,,,assassin_dash_end,4000,6000,500,,,,,,,,,,,,,,,,,,,,,,,,,,,,,,,,,,,,,,,,,,,TID_SPELL_ASSASSIN,,,,,,,,,,,,,,,,,,,,,,,,,,,,,,,,,,,,,filter_deploy_unit_legendary,,,,,,,,,,,,,,,,,,,,,,,,,,,,
DarkWitch,Legendary,5500,1000,,60,750,1500,900,285,,,,,,,,,,,1850,,,,,,TRUE,,,,,,,,,,,,,,,,,sc/chr_dark_witch.sc,dark_witch,,dark_witch_red,,TRUE,,,dark_witch_hit,,dark_witch_die,dark_witch_steps,,dark_witch_deploy,,80,80,,,35,,,,,100,500,4,,,,,Medium,,,,,,filter_damage_wobble,,,,,,,,,dark_witch_attack_start,,,,,,,,,,,,,,,,,,1500,,2,,6000,,Bat,,bat_dark_witch_spawn,,1500,3,Bat,,2000,,90,,TRUE,,,,,,,,,,,,,,,,,,,,,,,TID_SPELL_DARK_WITCH,,,,,,,,,,,,,,,,,,,,,,,,,,,,,,,,,,,,,filter_deploy_unit_legendary,,,,,,,,,,,,,,,,,,,,,,,,,,,,
Bat,Common,4000,800,,110,125,800,500,75,,,,,,,,,,,1000,,,,,,TRUE,TRUE,,,,,,,,,,,,,,,,sc/chr_bats.sc,bat,,bat,,TRUE,,,bat_hit,,bat_die,bat_steps,,bat_deploy,,65,-60,,20,,bat_shadow,bat_shadow,,,155,500,1,,,,,Small,,,2000,,,filter_damage,,,,,,,,,bat_attack_start,,,,,,,,,,,,,,,,,,,,,,,,,,,,,,,,,,45,,,,,,,,,,,,,,,,,350,350,,,,,,,TID_CHARACTER_BAT,,,,,,,,,,,,,,,,,,,,,,,,,,,,,,,,,,,,400,filter_deploy_unit_default,,,,,,,,,,,,,,,,,,,,,,,,,150,filter_wiggle,,
NOTINUSE9,Legendary,6000,1000,,90,750,1000,600,160,,,,,,,,,,,750,,,,,,TRUE,,,,,,,,,,,,,,,,,sc/chr_bandit.sc,bandit,,bandit_red,,TRUE,,,assassin_hit,assassin_hit_special_red,assassin_die,assassin_steps,,assassin_deploy,,85,85,,-10,35,,,,,110,600,3,,,,,Medium,-10,,,,,filter_damage,,,,,,,,,assassin_attack_start,,100,assassin_dash_start,assassin_dashing,800,,,,320,filter_bandit_charge,,,assassin_dash_end,4000,6000,500,,,,,,,,,,,,,,,,,,,,,,,,,,,,,,,,,,,,,,,,,,,TID_SPELL_ASSASSIN,,,,,,,,,,,,,,,,,,,,,,,,,,,,,,,,,,,,,filter_deploy_unit_legendary,,,,,,,,,,,,,,,,,,,,,,,,,,,,
NOTINUSE5,Legendary,6000,1000,,90,750,1000,600,160,,,,,,,,,,,750,,,,,,TRUE,,,,,,,,,,,,,,,,,sc/chr_bandit.sc,bandit,,bandit_red,,TRUE,,,assassin_hit,assassin_hit_special_red,assassin_die,assassin_steps,,assassin_deploy,,85,85,,-10,35,,,,,110,600,3,,,,,Medium,-10,,,,,filter_damage,,,,,,,,,assassin_attack_start,,100,assassin_dash_start,assassin_dashing,800,,,,320,filter_bandit_charge,,,assassin_dash_end,4000,6000,500,,,,,,,,,,,,,,,,,,,,,,,,,,,,,,,,,,,,,,,,,,,TID_SPELL_ASSASSIN,,,,,,,,,,,,,,,,,,,,,,,,,,,,,,,,,,,,,filter_deploy_unit_legendary,,,,,,,,,,,,,,,,,,,,,,,,,,,,
MovingCannon,Epic,5500,1000,,90,524,1200,800,,,,,,,MovingCannonProjectile,,,,,5500,,,,,,TRUE,,,,,,,,moving_cannon_fire_projectile,,,,,,,,,sc/chr_movingcannon.sc,moving_cannon,,moving_cannon_red,,TRUE,,,,,moving_cannon_die,moving_cannon_steps,,moving_cannon_deploy,,80,80,-5,,25,,,,,110,600,3,,,,,MediumShield,,,,,,filter_damage,,,,,TRUE,,,TRUE,,,,,,,,,,,,,,,,,,,,,,,,,,,,,,1,BrokenCannon,,,,,,,,,,,,,,,,,,,,,1100,1800,,,,,,,TID_SPELL_MOVING_CANNON,,,,,,,,,,,,,,,,,,,,,,,,,,,,,,,,,,,,400,filter_deploy_unit_default,,,,,,,,,,,,,,,600,,,,,,,,,,,,,
BrokenCannon,Epic,5500,1000,,,524,1200,800,,,,,,,MovingCannonProjectile,,,,,5500,,,,,,TRUE,,,,,,20000,,broken_cannon_fire_projectile,,,,,,,,,sc/chr_movingcannon.sc,broken_cannon,,broken_cannon_red,,TRUE,,,,,broken_cannon_die,,,broken_cannon_deploy,,80,80,-5,,25,,,,,100,600,3,,,,,Medium,,,,,,filter_damage,,,,,,,1000,,,,,,,,,,,,,,,,,,,,,,,,,,,,,,,,,,,,,,,,,,,,,,,,,,,,,450,450,,,,,,,TID_SPELL_MOVING_CANNON,,,,,,,,,,,,,,,,,,,,,,,,,,,,,,,,TRUE,,,,400,filter_deploy_unit_default,,,,,,,,,,,,,,,600,,,,,,,,,,,,,
MegaKnight,Legendary,5500,1000,,60,3300,1800,1200,240,,,,,,,,,,,1000,,,,,,TRUE,,,,,,,,,,1300,,,,,,,sc/chr_mega_knight.sc,mega_knight,,mega_knight_red,,TRUE,,,mega_knight_hit,,mega_knight_die,mega_knight_steps,,mega_knight_deploy,,80,80,,,,,,,TRUE,100,750,18,,,,,High,,,,,,filter_damage_wobble,,,,,,,,,mega_knight_attack_start,,,mega_knight_dash_start,mega_knight_dashing,1100,3000,1000,2200,480,filter_mega_knight_jump,800,300,mega_knight_dash_end,4000,5000,250,,,1,1,1,,,,,,,,,,,,,,,,,,,,,,,,1000,1000,,,,,,,,,,,,,TID_SPELL_MEGAKNIGHT,,,,,,,,,,,,,,,,,,,,,,,,,,,,,,,,,,,,,filter_deploy_unit_legendary,,,,,,,,,,,,,,,,,,,,,,,,,,,,
NOTINUSE8,Legendary,5500,1000,,120,320,800,600,55,,,,,,,,,,,500,,,,,,TRUE,,,,,,,,,,,TRUE,,,,,,sc/chr_golemite.sc,golemite,,golemite_red,,TRUE,,,goblins_hit,,goblins_die,goblins_steps,,goblins_deploy,,50,50,-5,5,35,,,,,90,750,2,,,,,Small,,,,,,filter_damage,,,,,,,,,goblins_attack_start,,,,,,,,,,,,,,,,,,,,,,,,,,,,,,,,,,,,,,,,,,,,,,,,,,,350,350,,,,,,,TID_CHARACTER_GOBLIN,,,,,,,,,,,,,,,,,,,,,,,,,,,,,,,,,,,,400,filter_deploy_unit_default,,,,,,,,,,,,,,,,,,,,,,,,,,,,
SkeletonBalloon,Common,7700,1000,,60,300,300,200,,,,,,,,,,,,350,,,,,,TRUE,,,,,,,,,,,TRUE,,,,,,sc/chr_skeleton_balloon.sc,skeleton_balloon,,skeleton_balloon_red,,TRUE,,,skeleton_balloon_hit,,skeleton_balloon_die,skeleton_balloon_steps,TRUE,skeleton_balloon_deploy,,75,40,,5,15,,,,,95,500,7,,,,,Medium,,,3100,TRUE,,filter_damage_wobble,,,,,,,,,skeleton_balloon_attack_start,,,,,,,,,,,,,,,,,,,,,,,,,,,,,1,SkeletonContainer,,,,,,,,,TRUE,500,skeleton_balloon_die,,,,,,,,,,450,450,,,,,,,TID_SPELL_BALLOON,,,,,,,,,,,,,,,,,,,,,,,,,,,,,,,,,,,,,filter_deploy_unit_default,,,,2000,,,,,,,,,,,,,,,,,,,,,,,,
DartBarrell,Rare,9000,4500,,40,8000,3500,500,,,,,,,DartBarrellProjectile,,,,,1500,,,,,,TRUE,TRUE,,,,,,,flying_machine_attack,,,TRUE,,,,,,sc/chr_flying_machine.sc,flying_machine,,flying_machine_red,,TRUE,,,,,flying_machine_die,flying_machine_steps,TRUE,flying_machine_deploy,,75,75,,5,25,flying_machine_shadow,,,,145,3000,18,,,,,Medium,-10,,3500,TRUE,,filter_damage,,,,,,,,,flying_machine_attack_start,,,,,,,,,,,,,,,,,,,,,,,,,,,,,,,,,,,,,,,,,,,,,,,,,,,1500,1300,,,,,,,TID_CHARACTER_BLOWDART_GOBLIN,,,,,,,,,,,,,,,,,,,,,,,,,,,,,,,,,,,,400,filter_deploy_unit_default,,,,,,,,,,,,,,,224,,,,,,,,,,,,,
MiniPekka-z,Rare,1000,1000,,90,700,1200,1000,333,,,,,,,,,,,1050,,,,,,TRUE,,,,,,,,,,,,,,,,,sc/chr_mini_pekka.sc,minipekka,,minipekka_red,,TRUE,,,mini_pekka_hit,,mini_pekka_die,mini_pekka_steps,,mini_pekka_deploy,,80,80,,,35,,,,,100,450,4,,,,,Medium,,,,,,filter_damage,,,,,,,,,mini_pekka_attack_start,,,,,,,,,,,,,,,,,,,,,,,,,,,,,,,,,,,,,,,,,,,,,,,,,,,450,450,,,,,,,TID_SPELL_MINIPEKKA,,,,,,,,,,,,,,,,,,,,,,,,,,,,,,,,,,,,,filter_deploy_unit_default,,,,,,,,,,,,,,,,,,,,,,,,,,,,
ZapMachine-juren,Legendary,5000,500,,45,1200,1800,2500,,,,TRUE,,,,,,,,2000,,,,,,TRUE,,,,,100,,,zapmachine_attack,zapmachine_attack,,,,,,,,sc/chr_zap_machine-jr.sc,ZapMachine_Blue,,ZapMachine,,TRUE,,,,,zapmachine_die,zapmachine_steps,,zapmachine_deploy,TRUE,,,,,,,,,TRUE,100,50,18,,,,,Medium,-10,,,,,,,,,,,,,,,,,,,,,,,,,,,,,,,,,,,,,,,,,,,,,,,,,,,,,,,,,,,,,,,,,1200,1800,,,,,,,TID_CHARACTER_ZAPMACHINE,,,,,,,,,,,,,,,,,,,,,,,,,,,,,,,,,,,,,filter_deploy_unit_legendary,,,,,,,,,,,zapmachine_load_weapon_1,zapmachine_load_weapon_2,zapmachine_load_weapon_3,zapmachine_load_weapon,600,,,,,,,,,,,,,
Goblin-teshu,Common,5500,1000,,166,400,900,900,250,,200,,,,,,,,,500,,,,,,TRUE,,,,,,,,,,,TRUE,,,,,,sc/chr_goblin.sc,goblin1,,goblin1_enemy,,TRUE,,,goblins_hit,,goblins_die,goblins_steps,,goblins_deploy,,50,50,-5,5,35,,,,,180,1000,2,,,,,Small,,,,,,filter_damage,,,,,,,,,goblins_attack_start,,,,,,,,,,,,,,,,,,,,,,,,,,,,,,,,,,,,,,,,,,,,,,,,,,,350,350,,,,,,,TID_CHARACTER_GOBLIN,,,,,,,,,,,,,,,,,,,,,,,,,,,,,,,,,,,,400,filter_deploy_unit_default,,,,,,,,,,,,,,,,,,,,,,,,,,,,
Princess-z,Legendary,8000,1000,,60,800,3000,2500,,,,,,,RocketSpell-gongzhu,,3,,TRUE,9000,,,,,,TRUE,TRUE,,,,,,,princess_attack,,3200,,,,,,,sc/chr_princess.sc,princess,,princess_red,,TRUE,,,,,princess_die,princess_steps,,princess_deploy,,75,75,,-15,25,,,,,120,1000,3,,,,,Small,-10,,,,,filter_damage,,,,,,,,,princess_attack_start,,,,,,,,,,,,,,,,,,,,,,,,,,,,,,,,,,,,,,,,,,,,,,,,,,,450,450,,,,,,,TID_CHARACTER_PRINCESS,,,,,,,,,,,,,,,,,,,,,,,,,,,,,,,,,,,,400,filter_deploy_unit_legendary,,,,,,,,,,,,,,,,,,,,,,,,,,,,
BattleRam-z,Rare,2500,1000,300,100,2000,400,100,800,1000,100,,,,,,,,,500,,,,,,TRUE,,,,,,,,,,,TRUE,,ZapFreeze,3000,,,sc/chr_battle_ram.sc,battle_ram,,battle_ram_red,,TRUE,,,battle_ram_hit_sfx,,battle_ram_die,barbarian_steps,,battleram_deploy_nodelay,,80,80,,,35,,,,TRUE,105,1000,6,,,,,Medium,,,,,,filter_damage_wobble,,,,,,,,,blowdart_goblin_atk_start,,,,,,,,,,,,,,,,,,,,,,,,,,,filter_deploy_unit_miner,,2,Barbarian,,600,,180,800,,,,TRUE,,,,,,,,,,battleram_charge,,,,,,,,,,TID_SPELL_BATTLE_RAM,,,,,,,,,,,,,,,,,,,,,battle_ram_hit,,,,,,,,,,,,,,140,,filter_deploy_unit_default,,,,,,,,,,,,,,,,,,500,,,,,,,,,,
Knight-jiangshi,Common,1000,500,,50,660,1000,500,110,,,,,,,,,,,600,,,,,,TRUE,,,,,,,,,,,,,,,,,sc/4/chr-ptjs.sc,building_bomb_tower_blue,building_bomb_tower_top_blue,building_bomb_tower_red,building_bomb_tower_top_red,,,,knight-ptjs_hit,,ptjs_die,knight_steps,,knight-js_deploy,,85,85,,-10,35,,,,,110,500,6,,,,,Medium,35,,,,,filter_damage,,,,,,,,,,,,,,,,,,,,,,,,,,,,,,,,,,,,,,,,,,,,,,,,,,,,,,,,,,,,450,450,,,,,,,TID_SPELL_KNIGHT,,,,,,,,,,,,,,,,,,,,,,,,,,,,,,,,,,,,,filter_deploy_unit_default,,,,,,,,,,,,,,,,,,,,,,,,,,,,
DarkPrince-tthw,Common,2500,1000,250,50,1111,1500,1000,350,600,,,,,,,,,,1000,,,,,,TRUE,,,,,,,,,,1000,,,,,,,sc/chr_black_knight.sc,BlackKnight_blue,,BlackKnight_red,,TRUE,,,dark_prince_hit,dark_prince_charge_hit,dark_prince_die-tt,dark_prince_steps,,dark_prince_deploy,,85,85,,-10,35,,,,TRUE,95,750,6,,,,,Shield,-8,,,,,filter_damage,,,,,,,,,dark_prince_attack_start,,,,,,,,,,,,,,,,,,,,,,,,,,,,,,,,,,,,,,,,,,,,,,,,,dark_prince_charge,,450,450,,,,,,,TID_CHARACTER_DARK_PRINCE,,,,,,,,,,,,,,,,,,,,,,,,,,,,,,,,,,,180,,filter_deploy_unit_default,,,,,,500,,GuardShieldDown-tt,BlackKnight_shield_blue,BlackKnight_shield_red,,,,,,,,,,,,,,,,,,
Pekka-kyx,Epic,3000,1000,,76,3800,1000,700,888,,,,,,,,,,,750,,,,,,TRUE,,,,,,,,,,,,,,,,,sc/4/chr_gorilla.sc,gorilla_lvl1,,gorilla_lvl1,,TRUE,,,pekka_hit,,pekka_die,pekka_steps,,pekka_deploy-kyx,,80,80,,,35,,,,TRUE,98,750,18,,,,,Medium,,,,,,filter_damage_wobble,,,,,,,,,pekka_attack_start,,,,,,,,,,,,,,,,,,,,,,,,,,,,,,,,,,,,,,,,,,,,,,,,,,,600,500,,,,,,,TID_SPELL_PEKKA,,,,,,,,,,,,,,,,,,,,,,,,,,,,,,,,,,,,,filter_deploy_unit_default,,,,,20,,,,,,,,,,,,,,,,,,,,,,,
MovingCannon-tk,Epic,5000,3200,,42,5555,2250,800,,,,,,,TankProjectile,,,,,4000,,,,,,TRUE,,,,,,,,moving_cannon_fire_projectile,,,TRUE,,,,,,sc/4/chr_tank_med.sc,tank_med,,tank_med,,TRUE,,,musketeer_hit,,moving_cannon_die,moving_cannon_steps,,moving_cannon_deploy,,80,80,-5,,25,,,,TRUE,125,2000,280,,,,,MediumShield,-10,,,,,filter_damage,,,,,TRUE,,,TRUE,,,,,,,,,,,,,,,,,,,,,,,,,,,,,,2,bubing-pt,,,,,,,,,,,,,,,,,,,,,1600,2300,,,,,,,TID_SPELL_MOVING_CANNON,,,,,,,,,,,,,,,,,,,,,,,,,,,,,,,,,,,,400,filter_deploy_unit_default,,,,,,,,,,,,,,,300,,,,,,,,,,,,,
bubing-pt,Common,2500,1000,,80,800,1000,200,,,,,,,SoldierProjectile,,,,,3200,,,,,,TRUE,TRUE,,,,,,,musketeer_attack,,,,,,,,,sc/4/chr_rifleman.sc,rifleman_lvl1,,rifleman_lvl1,,TRUE,,,musketeer_hit,,musketeer_die,musketeer_steps,,musketeer_deploy,,80,80,,-10,35,,,,,102,600,5,,,,,Medium,,,,,,filter_damage,,,,,,,,,musketeer_attack_start,,,,,,,,,,,,,,,,,,,,,,,,,,,,800,,,,,,,,,,,,,,,,,,,,,,,450,450,,,,,,,TID_CHARACTER_MUSKETEER,,,,,,,,,,,,,,,,,,,,,,,,,,,,,,,,,,,,300,filter_deploy_unit_default,,,,,,,,,,,,,,,,,,,,,,,,,,,,
bubing-jy,Epic,3500,1000,,60,2500,800,200,,,,,,,EliteSoldierProjectile,,,,,5500,,,,,,TRUE,TRUE,,,,,,,musketeer_attack,,,,,,,,,sc/4/chr_Marine_commander.sc,MC,,MC,,TRUE,,,witch_hit,,witch_die,witch_steps,,witch_deploy,,80,80,,,35,,,,,105,500,15,,,,,MediumShield,,,,,,filter_damage,,,,,,,,,witch_attack_start,,,,,,,,,,,,,,,,,,2000,300,1,,2000,,bubing-pt,,witch_deploy_skeleton,,,,,,,,,,,,,,,,,,,,,,,,,610,1000,,,,,,,TID_SPELL_WITCH,,,,,,,,,,,,,,,,,,,,,,,,,,,,,,,,,,,,,filter_deploy_unit_default,,,,,,,,,,,,,,,,,,,,,,,,,,,,
Golemite-x,Epic,7000,1000,,45,500,1000,500,100,,,,,,,,,,,250,,,,,,TRUE,,1000,100,500,,,,,,,,,,,,,sc/chr_golemite.sc,golemite,,golemite_red,,TRUE,,,small_golem_hit,,small_golem_die,golem_steps,,small_golem_deploy,,50,50,-5,5,35,,,,,85,100,5,,,,,Small,,,,,,filter_damage,,,,,,,,,small_golem_attack_start,,,,,,,,,,,,,,,,,,,,,,,,,,,,,,,,1000,,,,,,,,,,,,,,,,,,,350,350,,,,,,,TID_CHARACTER_SMALL_GOLEM-x,,,,,,,,,,,,,,,,,,,,,,,,,,,,,,,,,,,,,filter_deploy_unit_default,,2000,,2000,,,,,,,,,,,,,,,,,,,,,,,,
TowerPrincess-z,Common,5500,1000,,60,500,1200,1000,,,,,,,TowerPrincessProjectile-z,,,,,5000,,,,,,TRUE,TRUE,,,,,,,ArcherAttack,,,,,,,,,sc/chr_princess.sc,princess_tower,,princess_tower_red,,TRUE,,,,,ArcherDie,ArcherSteps,,ArcherDeploy,,75,75,,-15,25,,,,,90,500,3,,,,,Small,-10,,,,,filter_damage,,,,,,,,,ArcherAttackStart,,,,,,,,,,,,,,,,,,,,,,,,,,,,,,,,,,,,,,,,,,,,,,,,,,,450,450,,,,,,,TID_CHARACTER_ARCHER,,,,,,,,,,,,,,,,,,,,,,,,,,,,,,,,,,,,400,filter_deploy_unit_default,,,,,,,,,,,,,,,,,,,,,,,,,,,,
laoda,Rare,3000,100,,80,2000,265,100,500,,,,,,,,,,,1000,,,,,,TRUE,,,,,500,,,,,,,,,,,,sc/4/chr_boxer.sc,boxer,,boxer,,TRUE,,,giant_hit,,giant_die1,giant_steps,,giant_deploy-ld,TRUE,85,80,,,25,,,,TRUE,110,750,18,,,,,Medium,,,,,,filter_damage_wobble,,,,,,,,,giant_hit,,,,,,,,,,,,,,,,,,,,,,,,,,,,,1,laodi,,,,,,,,,,,,,,,,,,,,,1200,1800,640,100,,,,,TID_SPELL_GIANT-ld,,,,,,,,,,,,,,,,,,,,,,,,,,,,,,,,,,,,,filter_deploy_unit_default,,2000,,2000,,,,,,,,,,,,,,,,,,,,,,,,
laodi,Rare,2000,100,,95,1000,100,100,50,,,,,,,,,,,500,,,,,,TRUE,,,,,,,,,,,,,,,,,sc/4/chr_boxer-y.sc,boxer,,boxer,,TRUE,,,giant_hit,,giant_die1,giant_steps,,giant_deploy-ld,,85,80,,,25,,,,,85,500,10,,,,,Small,-10,,,,,filter_damage_wobble,,,,,,,,,giant_hit,,,,,,,,,,,,,,,,,,,,,,,,,,,,,,,,,,,,,,,,,,,,,,,,,,,1200,1800,640,100,,,,,TID_SPELL_GIANT-ldx,,,,,,,,,,,,,,,,,,,,,,,,,,,,,,,,,,,,,filter_deploy_unit_default,,2000,,2000,,,,,,,,,,,,,,,,,,,,,,,,
wxc,Epic,5500,2000,,100,3000,2000,800,,,,,,,sgg,,,,,3200,,,,,,TRUE,,,,,,,,,,,,,,,,,sc/4/chr_APC.sc,APC_lvl1,,APC_lvl1,,TRUE,,,,,moving_cannon_die,moving_cannon_steps,,moving_cannon_deploy,,80,80,-5,,25,,,,,180,1500,20,,,,,Medium,10,,,,,filter_damage,,,,,TRUE,,,TRUE,,,,,,,,,,,,,,,,,,,,,,,,,,,,,,2,Plumber-d,,,,,,,,,,,,,,,,,,,,,500,100,,,,,,,TID_2-c-wxc,,,,,,,,,,,,,,,,,,,,,,,,,,,,,,,,,,,,400,filter_deploy_unit_default,,,,,,,,,,,,,,,300,,,,,,,,,,,,,
Plumber,Common,2000,100,,90,500,500,250,100,,,,,,,,,,,500,,,,,,TRUE,,,,,,,,,,,,,,,,,sc/4/chr_hooligan.sc,plumber_lvl1,,plumber_lvl1,,TRUE,,,skeleton_hit,,skeleton_die,skeleton_steps,,skeleton_deploy,,40,40,,-5,25,,,,,90,400,1,,,,,Small,-10,,,,,filter_damage,,,,,,,,,skeleton_attack_start,,,,,,,,,,,,,,,,,,,,,,,,,,,,,,,,,,,,,,,,,,,,,,,,,,,500,100,,,,,,,TID_2-c-sgg,,,,,,,,,,,,,,,,,,,,,,,,,,,,,,,,,,,,400,filter_deploy_unit_default,,,,,,,,,,,,,,,,,,,,,,,,,,,,
Plumber-d,Common,2000,100,,90,666,500,250,120,,,,,,,,,,,600,,,,,,TRUE,,,,,,,,,,,,,,,,,sc/4/chr_hooligan.sc,plumber_lvl1,,plumber_lvl1,,TRUE,,,skeleton_hit,,skeleton_die,skeleton_steps,,skeleton_deploy,,40,40,,-5,25,,,,,110,600,3,,,,,Small,,,,,,filter_damage,,,,,,,,,skeleton_attack_start,,,,,,,,,,,,,,,,,,,,,,,,,,,,,,,,,,,,,,,,,,,,,,,,,,,500,100,,,,,,,TID_2-c-sgg,,,,,,,,,,,,,,,,,,,,,,,,,,,,,,,,,,,,400,filter_deploy_unit_default,,,,,,,,,,,,,,,,,,,,,,,,,,,,
xcjs,Common,2000,811,,50,700,1000,811,120,,,,,,,,,,,811,,,,,,TRUE,,,,,,,,,,,,,,,,,sc/4/chr-xcjs.sc,building_barbarian_hut_blue,,building_barbarian_hut_red,,,,,knight-ptjs_hit,,xcjs-die,knight_steps,,xcjs-deploy,,85,85,,-10,35,,,,,110,500,6,,,,,Medium,35,,,,,filter_damage,,,,,,,,,,,,,,,,,,,,,,,,,,,,,,,,,,,,,,1,GiantSkeletonBomb-x,,1000,,,,,,,,,,,,,,,,,,,500,1000,,,,,,,TID_3-c-xcjs,,,,,,,,,,,,,,,,,,,,,,,,,,,,,,,,,,,,,filter_deploy_unit_default,,,,,,,,,,,,,,,,,,,,,,,,,,,,
kgdj,Legendary,38000,100,,10,2500,18000,100,,,,,,,gongju,,,,,38000,,,,,,,TRUE,,,,,,,,,,,,,,,,sc/4/kgdj.sc,guard_post,,guard_post,,,,,,,miner_die,,,,,80,80,,,35,,,,,100,2000,900,,,,,Medium,-10,,,,,filter_damage,,,,,,,,,,,,,,,,,,,,,,,,,,,3600,,2,,3200,,miner-z,,witch_deploy_skeleton,,,2,miner-z,,,,,,,,,,,,450,miner_travel_effect,,,,,,,,450,450,,,,,,,TID_CHARACTER_MINER,,,,,,,,,,,,,,,,,,,,,,,,,,,,,,,,,,,,,filter_deploy_unit_miner,,,,,20,,,,,,,,,,,,,,,,,,,,,,,
miner-z,Legendary,4500,500,,90,1000,1000,500,250,,-40,,,,,,,,,1300,,,,,,TRUE,,,,,,,,,,,,,,,,,sc/chr_miner.sc,miner_blue,,miner_red,,TRUE,,,miner_hit,,miner_die,miner_steps,,miner_deploy,,85,85,,-10,35,,,,,70,500,6,,,,,Medium,-10,,,,,filter_damage,,,,,,,,,miner_attack_start,,,,,,,,,,,,,,,,,,,,,,,,,,,,,,,,,,,,,,,,,,,,,,,,,,,450,450,,,,,,,TID_CHARACTER_MINER,,,,,,,,,,,,,,,,,,,,,,,,,,,,,,,,,,,,,filter_deploy_unit_miner,,,,,,,,,,,,,,,,,,,,,,,,,,,,
zl,Rare,5000,2000,,40,5000,3000,1000,10,,,,,,LavaHoundProjectile-zl,,,,,4000,,,,,,TRUE,TRUE,,,,,,,,,,,,ZapFreeze,600,,,sc/4/zl.sc,building_barbarian_hut_blue,,building_barbarian_hut_red,,,,,chr_wizard_hit,,chr_wizard_die-zl,giant_steps,,chr_wizard_deploy-zl,,80,80,-15,25,35,,,,,185,1500,400,,,,,High,-18,,,,,filter_damage,,,,,,,,,,,,,,,,,,,,,,,,,,,,,,,,,,,,,,,,,,,,,,,,,,,,,,,,,,,,1000,55555,,,,,,,TID_5-c-zl,,,,,,,,,,,,,,,,,,,,,,,,,,,,,,,,,,,,,filter_deploy_unit_default,,,,,-10,2555,,GuardShieldDown-zl,,,,,,,,,,,,,,,,,,,,
dwg,Common,5500,1000,,60,900,200,100,,,,,,,IceSpiritsProjectile-dw,,,,,1500,,,,,,TRUE,TRUE,,,,,,,firespirit_attack,,,,,,,,,sc/4/dwg.sc,building_barbarian_hut_blue,,building_barbarian_hut_red,,,,,,,firespirit_die,firespirit_steps-dw,,firespirit_deploy,,75,75,,10,25,,,,,110,0,1,,,,,Small,-10,,,,,filter_damage,,,,,,,,,,,,,,,,,,,,,,,,,,firespirit_continuous_fx,,,,,,,,,,,480,,,,,,,,,,,TRUE,,,,,,,,,,,,,,,,,,,,TID_CHARACTER_FIRE_SPIRITS,,,,,,,,,,,,,,,,,,,,,,,,,,,,,,,,,,,,400,filter_deploy_unit_default,,,,,,,,,,,,,,,,,,,,,,,,,,,,
mo,Epic,38000,1000,,10,7500,10000,1000,,,,,,,gongju,,,,,38000,,,,,,TRUE,TRUE,3500,5500,2500,,,,,,,TRUE,,,,,,sc/4/building_defences.sc,def_dummy_01,,def_dummy_01,,,,,firespirit_steps,,Fireball_explosion,giant_skeleton_steps,,firespirit_deploy,,90,65,-3,8,10,,,,TRUE,200,500,600,,,,,,-15,,,,,filter_damage,,,,,,,,,giant_skeleton_attack_start,,,,,,,,,,,,,,,,,,,,,,,,,,,,,1,Knight-gw,,1000,,,100,1500,,,,,,,,,1500,1500,,,,target_dummy_take_damage,450,450,,,,,,,TID_9-b-mo,,,,,,,,,,,,,,,,,,,,,,,,,,,,,,,,,,,,,filter_deploy_unit_default,,,,,-12,,,,,,,,,,,,,,,,,,,,,,,
phl,Legendary,6000,1000,,80,3800,500,1000,200,,,,,,,,,,,3000,,,,,,TRUE,TRUE,2200,1000,2200,,,,inferno_dragon_attack,,1000,,,,,,,sc/4/chr_dino.sc,dino_lvl1,,dino_lvl1,,TRUE,,,inferno_hit_effect,,mega_knight_die,mega_knight_steps,,mega_knight_deploy,TRUE,80,50,0,10,15,,,,,100,1500,200,,,,,High,,,,,,,,,,,,,,,baby_dragon_attack_start,,,mega_knight_dash_start,mega_knight_dashing,1000,3800,2500,2000,800,filter_mega_knight_jump,800,300,mega_knight_dash_end,4000,5000,200,,,1,1,1,,,,,,,,,,,,,,,,,,,,,,,,2200,2200,,,,,1500,1000,,,,,,,TID_10-c-phl,,,888,3000,2222,4000,inferno_dragon_beam_lvl1,inferno_dragon_beam_lvl2,inferno_dragon_beam_lvl3,,,inferno_dragon_muzzle,inferno_dragon_muzzle_stage2,inferno_dragon_muzzle_stage3,-20,,,,,,,,,,,,,,,,,,,,,,filter_deploy_unit_legendary,,,,,,,,,,,,,,,,,,,1200,,,,,,,,,
fxss,Rare,6500,1000,,95,1200,250,500,,,,,,,JetpackProjectile,,,,,4000,,,,,,TRUE,TRUE,,,,,,,musketeer_attack,,,,,,,,,sc/4/chr_jetpack.sc,jetpacktroop_lvl1,,jetpacktroop_lvl1,,TRUE,,,musketeer_hit,,musketeer_die,firespirit_steps,,musketeer_deploy,,50,50,,-5,25,,,,,120,350,10,,,,,Small,-10,,4000,,TRUE,filter_damage,,,,,,,,,musketeer_attack_start,,,,,,,,,,,,,,,,,,,,,,,,,,,,,,,,,,,,,,,,,,,,,,,,,,,900,150,,,,,,,TID_11-c-fxss,,,,,,,,,,,,,,,,,,,,,,,,,,,,,,,,,,,,400,filter_deploy_unit_default,,,,,,,,,,,,,,,224,,,,,,,,,,,,,
hbyx,Legendary,4500,1000,,60,2000,1000,1000,,,,,,,ice_wizardProjectile-hbyx,,,,,5000,,,,,,TRUE,TRUE,,,,,,,,,,,,,,,,sc/4/chr_laserman.sc,laserman_lvl1,,laserman_lvl1,,TRUE,,,,,ice_wizard_die,ice_wizard_steps,,ice_wizard_deploy,,65,65,,-5,10,,,,,110,500,5,,,,,Medium,-10,,,,,filter_damage,,,,,,,,,ice_wizard_attack_start,,,,,,,,,,,,,,,,,,,,,,,,,,,,,,,,,,,,,,,,,,,,,,,,,,,1200,500,,,,,,,TID_12-c-hbyx,,,,,,,,,,,,,,,,,,,,,,,,,,,,,,,,,,,,,filter_deploy_unit_legendary,,,,,-26,,,,,,,,,,,,,,,,,,,,,,,
zsj,Epic,6000,1000,,70,3800,800,1300,,,,,,,HeliProjectile,,,,,4000,,,,,,TRUE,TRUE,,,,,,,dragon_attack_start,,1500,,,,,,,sc/4/chr_helipod.sc,helipod_lvl1,,helipod_lvl1,,TRUE,,,,,moving_cannon_die,flying_machine_steps,,angry_barbarian_deploy,TRUE,100,100,,-5,10,,,,TRUE,120,1000,200,,,,,Medium,-10,,8000,TRUE,TRUE,filter_damage_wobble,,,,,,,,,flying_machine_attack_start,,,,,,,,,,,,,,,,,,,,,,,,,,,,,,,,,,,,,,,,,,,,,,,,,,,666,100,,,,,,,TID_13-c-zsj,,,,,,,,,,,,,,,,,,,,,,,,,,,,,,,,,,,,,filter_deploy_unit_default,,,,,,,,,,,,,,,,,,,,,,,,,,,,
djxz,Legendary,1500,900,,100,800,1000,800,160,,,,,,,,,2,TRUE,3100,,,,,,TRUE,TRUE,,,,,,,,,,,,ZapFreeze,400,,,sc/4/chr_henchman.sc,henchman,,henchman,,TRUE,,,electro_wizard_hit,,electro_wizard_die,electro_wizard_steps,,electro_wizard_deploy,,60,60,,-5,25,,,,,135,500,5,,,,,Small,-10,,,,,filter_damage,,,,,,,,,electro_wizard_attack_start,,,,,,,,,,,,,,,,,,,,,,,,,,,,,,,,,,,,,,,,,,,,,,,Zap,,,,1000,600,,,,,,,TID_15-c-djxz,,,,,,,,,,,,,,,,,,,,,electro_wizard_beam,,,,,,,,,,,,,,,,filter_deploy_unit_legendary,,,,,-26,,,,,,,,,,,,,,,,,,,,,,,
hyzs,Rare,4000,1000,,85,1200,100,1000,10,,,,,,chr_wizardProjectile-hyzs,,,,,3000,,,,,,TRUE,TRUE,2000,1000,1500,,,,,,1500,,,zhuoshao,3000,,,sc/4/chr_flamethrower.sc,flamethrower,,flamethrower,,TRUE,,,chr_wizard_hit,,Fireball_explosion,chr_wizard_steps,,chr_wizard_deploy,,65,65,,-5,10,,,,,120,350,50,,,,,Medium,-10,,,,,filter_damage,,,,,,,,,chr_wizard_attack_start-hyzs,,,,,,,,,,,,,,,,,,,,,,,,,,,,,5,FireSpirits,,1500,,,,,,,,,,,,,,,,,,,1500,1000,,,,,,,TID_14-c-hyzs,,,,,,,,,,,,,,,,,,,,,,,,,,,,,,,,,,,,,filter_deploy_unit_default,,,,,-10,,,,,,,,,,,,,,,,,,,,,,,
jgzc,Legendary,6000,1000,,45,5000,2200,1200,,,,,,,EggmachineProjectile,,,,,5500,,,,,,TRUE,TRUE,,,,,,,,,,,,,,,,sc/4/chr_commander_eggtank.sc,eggtank,,eggtank,,TRUE,,,chr_wizard_hit,,chr_wizard_die,chr_wizard_steps,,chr_wizard_deploy,,75,-85,-5,25,20,,,,,100,1000,120,,,,,Medium,35,,,,,filter_damage,,,,,,,,,chr_wizard_attack_start-hyzs,,,,,,,,,,,,,,,,,,,,,,,,,,,,,,,,,,,,,,,,,,,,,,,,,,,1600,1500,,,,,,,TID_16-c-jgzc,,,,,,,,,,,,,,,,,,,,,,,,,,,,,,,,,,,,,filter_deploy_unit_legendary,,,,,,,,,,,,,,,,,,,,,,,,,,,,
wukong,Rare,5500,1000,,90,4000,2000,500,,,,,,,GokuBeam,,,,,5000,,,,,,TRUE,TRUE,,,,,,,royal_giant_projectile_fx,,1250,,,,,,,sc/4/goku.sc,giant,,giant,,TRUE,,,assassin_hit,,royal_giant_die,royal_giant_steps,,royal_giant_deploy,,85,85,,-10,35,,,,,230,1000,200,,,,,Medium,-10,,,,,filter_damage,,,,,,,,,hog_rider_attack_start,,,,,,,,,,,,,,,,,,,,,,,,,,,,1000,,,,,,,,,FreezeIceGolemite,,,,,,,,,,,,,,500,2500,,,,,,,TID_20-c-wk,,,,,,,,,,,,,,,,,,,,,,,,,,,,,,,,,,,,,filter_deploy_unit_legendary,,,,,,,,,,,,,,,,,,,,,,,,,,,,
zzjq,Epic,5000,1000,,70,4000,1200,800,800,,,,,,lighting,,,,,1800,,,,,,TRUE,,,,,,,,,,,,,,,,,sc/4/characters.sc,warmachine,,warmachine,,TRUE,,,giant_skeleton_hit,,giant_skeleton_die,giant_skeleton_steps,,giant_skeleton_deploy,TRUE,80,80,,0,35,,,,TRUE,160,750,500,,,,,Medium,0,,,,,filter_damage_wobble,,,,,,,,,giant_skeleton_attack_start,,,,,,,,,,,,,,,,,,,,,,,,,,,,,,,,,,,,,,,,,,,,,,,,,,,450,450,,,,,,,TID_19-c-zzjq,,,,,,,,,,,,,,,,,,,,,,,,,,,,,,,,,,,,,filter_deploy_unit_legendary,,,,,10,,,,,,,,,,,,,,,,,,,,,,,
SkeletonWarrior-z,Epic,1500,1000,,90,125,1000,800,75,,,,,,,,,,,1300,,,,,,TRUE,,,,,,,,,,,,,,,,,sc/4/chr_skeleton_warrior.sc,skeletonWarrior_blue,,skeletonWarrior,,TRUE,,,skeleton_warrior_hit,,skeleton_warrior_die,skeleton_warrior_steps,,skeleton_warrior_deploy-z,,50,50,-5,5,35,,,,,115,500,50,,,,,Shield_small,-10,,,,,filter_damage,,,,,,,,,skeleton_warrior_attack_start,,,,,,,,,,,,,,,,,,,,,,,,,,,,800,,,,,,,,,,,,,,,,,,,,,,,350,350,,,,,,,TID_CHARACTER_SKELETON_WARRIOR,,,,,,,,,,,,,,,,,,,,,,,,,,,,,,,,,,,,400,filter_deploy_unit_default,,,,,,100,,skeleton_warrior_lose_shield,skeletonWarrior_blue_shield,skeletonWarrior_shield,,,,,,,,,,,,,,,,,,
Knight-gw,Common,3000,500,,60,600,1000,800,100,,,,,,,,,,,1000,,,,,,TRUE,,,,,,,,,,,,,,,,,sc/chr_knight.sc,Knight,,Knight_enemy,,TRUE,,,knight_hit,,knight_die,knight_steps,,knight_deploy,,85,85,,-10,35,,,,,100,100,10,,,,,Small,35,,,,,filter_damage,,,,,,,,,knight_attack_start,,,,,,,,,,,,,,,,,,,,,,,,,,,,,,,,,,,,,,,,,,,,,,,,,,,450,450,,,,,,,TID_SPELL_KNIGHT,,,,,,,,,,,,,,,,,,,,,,,,,,,,,,,,,,,,,filter_deploy_unit_default,,,,,,,,,,,,,,,,,,,,,,,,,,,,
cjtg,Legendary,5500,1000,,50,3388,1000,500,,,,,,,LavaHoundProjectile-cj,,,,,3500,,,,,,TRUE,TRUE,,,,,,,lava_hound_attack_start,,,TRUE,,,,,,sc/4/chr_lava_hound.sc,lava_hound,,lava_hound_red,,TRUE,,,,,lava_hound_die,lava_hound_steps,,lava_hound_deploy-cj,TRUE,85,-60,,20,,,,,TRUE,140,750,5,,,,,High,,,4000,,,filter_damage_wobble,,,,,,,,,,,,,,,,,,,,,,,,,,,,,,,,,,,,,,2,LavaHound2,FireballSpell2,1500,,,,TRUE,,,,,,,,,,,,,,,1000,1800,,,,,,,TID_SPELL_LAVA_HOUND,,,,,,,,,,,,,,,,,,,,,,,,,,,,,,,,,,,,,filter_deploy_unit_legendary,,,,,,,,,,,,,,,,,,,,,,,,,,filter_poison,,
LavaHound2,Legendary,5500,1000,,45,1600,800,300,,,,,,,LavaHoundProjectile,,,,,2000,,,,,,TRUE,TRUE,,,,,,,lava_hound_attack_start,,,TRUE,,,,,,sc/chr_lava_hound.sc,lava_hound,,lava_hound_red,,TRUE,,,,,lava_hound_die,lava_hound_steps,,lava_hound_deploy,TRUE,85,-60,,20,,,,,TRUE,100,750,5,,,,,High,,,4000,,,filter_damage_wobble,,,,,,,,,,,,,,,,,,,,,,,,,,,,,,,,,,,,,,4,LavaPups2,,2000,,,,TRUE,,,,,,,,,,,,,,,1000,1800,,,,,,,TID_SPELL_LAVA_HOUND-y,,,,,,,,,,,,,,,,,,,,,,,,,,,,,,,,,,,,,filter_deploy_unit_legendary,,,,,,,,,,,,,,,,,,,,,,,,,,,,
LavaPups2,Legendary,5500,1000,,60,300,1000,200,,,,,,,LavaPupProjectile,,,,,2000,,,,,,TRUE,TRUE,,,,,,,lava_pups_attack_start,,,,,,,,,sc/chr_lava_pups.sc,lava_pups,,lava_pups,,TRUE,,,,,lava_pups_die,lava_pups_steps,,lava_pups_deploy,,85,-60,,20,,,,,,80,450,5,,,,,Small,,,3500,,,filter_damage_wobble,,,,,,,,,,,,,,,,,,,,,,,,,,,,,,,,,,,,,,,,,,,,,,,,,,,,,,,,,,,,500,100,,,,,,,TID_CHARACTER_LAVA_PUPS,,,,,,,,,,,,,,,,,,,,,,,,,,,,,,,,,,,,,filter_deploy_unit_default,,,,,,,,,,,,,,,,,,,,,,,,,,,,
